{
  "MEN": {
    "KG2020DK456": {
      "model": "models/MEN/KG2020DK456.glb",
      "x": 6.107440948486328,
      "y": -14.217329025268555,
      "z": 4.1990580558776855
    },
    "G0083100": {
      "model": "models/MEN/G0083100.glb",
      "x": 6.107440948486328,
      "y": 4.559327125549316,
      "z": 4.1990580558776855
    },
    "A8121800": {
      "model": "models/MEN/A8121800.glb",
      "x": 6.107444763183594,
      "y": -9.464592933654785,
      "z": 4.1990580558776855
    },
    "F5102505": {
      "model": "models/MEN/F5102505.glb",
      "x": -6.243753433227539,
      "y": -6.130890846252441,
      "z": 4.1990580558776855
    },
    "X0099407": {
      "model": "models/MEN/X0099407.glb",
      "x": -6.241929054260254,
      "y": -1.3352875709533691,
      "z": 4.199057579040527
    },
    "G0083000": {
      "model": "models/MEN/G0083000.glb",
      "x": 6.107419967651367,
      "y": -0.08298294991254807,
      "z": 4.199057579040527
    },
    "X0099500": {
      "model": "models/MEN/X0099500.glb",
      "x": -6.241929054260254,
      "y": -10.705804824829102,
      "z": 4.199057579040527
    },
    "G0083200": {
      "model": "models/MEN/G0083200.glb",
      "x": -6.241929054260254,
      "y": -15.473739624023438,
      "z": 4.199057579040527
    },
    "A8122101": {
      "model": "models/MEN/A8122101.glb",
      "x": 6.093516826629639,
      "y": -4.901897430419922,
      "z": 4.199057579040527
    },
    "R9474800": {
      "model": "models/MEN/R9474800.glb",
      "x": 6.0905232429504395,
      "y": 25.38376235961914,
      "z": 4.1990580558776855
    },
    "H0069900": {
      "model": "models/MEN/H0069900.glb",
      "x": -6.225699424743652,
      "y": 3.2842419147491455,
      "z": 4.1990580558776855
    },
    "O0051900": {
      "model": "models/MEN/O0051900.glb",
      "x": -6.218540191650391,
      "y": 25.00305938720703,
      "z": 4.1990580558776855
    }
  },
  "WOMEN": {
    "A0254100": {
      "model": "models/WOMEN/A0254100.glb",
      "x": 6.1049346923828125,
      "y": 3.1712188720703125,
      "z": 4.219151496887207
    },
    "L0289100": {
      "model": "models/WOMEN/L0289100.glb",
      "x": 6.110479354858398,
      "y": 25.606128692626953,
      "z": 4.220691680908203
    },
    "P0006000": {
      "model": "models/WOMEN/P0006000.glb",
      "x": 6.1047821044921875,
      "y": -15.102110862731934,
      "z": 4.23043155670166
    },
    "X0170100": {
      "model": "models/WOMEN/X0170100.glb",
      "x": -6.219536781311035,
      "y": -8.751124382019043,
      "z": 4.257940769195557
    },
    "KG2020DK36": {
      "model": "models/WOMEN/KG2020DK36.glb",
      "x": 6.110959053039551,
      "y": -1.2139984369277954,
      "z": 4.227946758270264
    },
    "O0061500": {
      "model": "models/WOMEN/O0061500.glb",
      "x": -6.218567848205566,
      "y": -3.672006607055664,
      "z": 4.233695983886719
    },
    "Y0182500": {
      "model": "models/WOMEN/Y0182500.glb",
      "x": -6.194573879241943,
      "y": 0.2811121940612793,
      "z": 4.246724605560303
    },
    "KG2019DK191": {
      "model": "models/WOMEN/KG2019DK191.glb",
      "x": -6.218740940093994,
      "y": -13.81075668334961,
      "z": 4.238452911376953
    },
    "M0332701": {
      "model": "models/WOMEN/M0332701.glb",
      "x": 6.108229160308838,
      "y": -5.713076114654541,
      "z": 4.226907730102539
    },
    "F5072300": {
      "model": "models/WOMEN/F5072300.glb",
      "x": -6.1939544677734375,
      "y": 4.454344749450684,
      "z": 4.233631134033203
    },
    "N9688500": {
      "model": "models/WOMEN/N9688500.glb",
      "x": 6.1047821044921875,
      "y": -10.45761489868164,
      "z": 4.229633808135986
    },
    "M0568300": {
      "model": "models/WOMEN/M0568300.glb",
      "x": -6.218470096588135,
      "y": 25.03070068359375,
      "z": 4.239322185516357
    }
  },
  "ANIMALS": {
    "H0123700": {
      "model": "models/ANIMALS/H0123700.glb",
      "x": -6.118009090423584,
      "y": -13.816893577575684,
      "z": 3.761380672454834
    },
    "J0051200": {
      "model": "models/ANIMALS/J0051200.glb",
      "x": 6.027461528778076,
      "y": 3.9719674587249756,
      "z": 3.73004412651062
    },
    "KG2019DK2110": {
      "model": "models/ANIMALS/KG2019DK2110.glb",
      "x": -6.118009090423584,
      "y": -10.016714096069336,
      "z": 3.7733054161071777
    },
    "KG2020DK438": {
      "model": "models/ANIMALS/KG2020DK438.glb",
      "x": -6.118009090423584,
      "y": 25.387685775756836,
      "z": 3.7522096633911133
    },
    "M0074900": {
      "model": "models/ANIMALS/M0074900.glb",
      "x": -6.118009090423584,
      "y": -0.6448736190795898,
      "z": 3.7571463584899902
    },
    "M0242700": {
      "model": "models/ANIMALS/M0242700.glb",
      "x": -6.118963718414307,
      "y": 4.1514081954956055,
      "z": 3.7342445850372314
    },
    "N0267601": {
      "model": "models/ANIMALS/N0267601.glb",
      "x": -6.1180100440979,
      "y": -5.341907978057861,
      "z": 3.7490792274475098
    },
    "N9476400": {
      "model": "models/ANIMALS/N9476400.glb",
      "x": 6.02746057510376,
      "y": 26.18101692199707,
      "z": 3.741990089416504
    },
    "N9686900": {
      "model": "models/ANIMALS/N9686900.glb",
      "x": 6.027462482452393,
      "y": -14.274802207946777,
      "z": 3.7332005500793457
    },
    "Q0094600": {
      "model": "models/ANIMALS/Q0094600.glb",
      "x": 6.027462482452393,
      "y": -5.165457725524902,
      "z": 3.752593755722046
    },
    "Q0214100": {
      "model": "models/ANIMALS/Q0214100.glb",
      "x": 6.027462482452393,
      "y": -9.704485893249512,
      "z": 3.7428970336914062
    },
    "S9545700": {
      "model": "models/ANIMALS/S9545700.glb",
      "x": 6.027462005615234,
      "y": -0.5280575752258301,
      "z": 3.723503828048706
    }
  },
  "QUEER": {
    "F0136608": {
      "model": "models/QUEER/F0136608.glb",
      "x": -6.118009090423584,
      "y": -13.933366775512695,
      "z": 3.761380672454834
    },
    "J0051300": {
      "model": "models/QUEER/J0051300.glb",
      "x": 6.027461528778076,
      "y": 3.9719674587249756,
      "z": 3.73004412651062
    },
    "R9455700": {
      "model": "models/QUEER/R9455700.glb",
      "x": -6.118009090423584,
      "y": -10.016714096069336,
      "z": 3.7733054161071777
    },
    "L0102500": {
      "model": "models/QUEER/L0102500.glb",
      "x": -6.118009090423584,
      "y": 25.387685775756836,
      "z": 3.7522096633911133
    },
    "KG2021DK781": {
      "model": "models/QUEER/KG2021DK781.glb",
      "x": -6.118009090423584,
      "y": -0.35298192501068115,
      "z": 3.7571463584899902
    },
    "KG2021DK250": {
      "model": "models/QUEER/KG2021DK250.glb",
      "x": -6.118963718414307,
      "y": 4.1514081954956055,
      "z": 3.7342445850372314
    },
    "S0007000": {
      "model": "models/QUEER/S0007000.glb",
      "x": -6.1180100440979,
      "y": -5.341907978057861,
      "z": 3.7490792274475098
    },
    "E0003500": {
      "model": "models/QUEER/E0003500.glb",
      "x": 6.02746057510376,
      "y": 26.18101692199707,
      "z": 3.741990089416504
    },
    "KG2020DK551": {
      "model": "models/QUEER/KG2020DK551.glb",
      "x": 6.027462482452393,
      "y": -14.274802207946777,
      "z": 3.7332005500793457
    },
    "S0018500": {
      "model": "models/QUEER/S0018500.glb",
      "x": 6.027462482452393,
      "y": -5.165457725524902,
      "z": 3.752593755722046
    },
    "H0045500": {
      "model": "models/QUEER/H0045500.glb",
      "x": 6.027462482452393,
      "y": -9.704485893249512,
      "z": 3.7428970336914062
    },
    "H0128800": {
      "model": "models/QUEER/H0128800.glb",
      "x": 6.027462005615234,
      "y": -0.5280575752258301,
      "z": 3.723503828048706
    }
  },
  "PEACE": {
    "CL881196": {
      "model": "models/PEACE/CL881196.glb",
      "x": -6.11663818359375,
      "y": 25.637779235839844,
      "z": 3.677772283554077
    },